Package, version,Depends
adduser,        3.113+nmu3ubuntu3,      "perl-base (>= 5.6.0), passwd (>= 1:4.0.12), debconf | debconf-2.0"
apt,    1.0.1ubuntu2.14,        "libapt-pkg4.12 (>= 0.9.16), libc6 (>= 2.15), libgcc1 (>= 1:4.1.1), libstdc++6 (>= 4.6), ubuntu-keyring, gnupg"
apt-transport-https,    1.0.1ubuntu2.15,        "libapt-pkg4.12 (>= 0.8.16~exp9), libc6 (>= 2.14), libcurl3-gnutls (>= 7.16.2), libgcc1 (>= 1:4.1.1), libstdc++6 (>= 4.4.0)"
apt-utils,      1.0.1ubuntu2.14,        "libapt-inst1.5 (>= 0.9.15.4), libapt-pkg4.12 (>= 0.9.16), libc6 (>= 2.14), libdb5.3, libgcc1 (>= 1:4.1.1), libstdc++6 (>= 4.4.0)"
aspell, 0.60.7~20110707-1ubuntu1,       "libaspell15 (= 0.60.7~20110707-1ubuntu1), libc6 (>= 2.14), libncursesw5 (>= 5.6+20070908), libstdc++6 (>= 4.1.1), libtinfo5, dictionaries-common (>> 0.40)"
aspell-en,      7.1-0-1,        "aspell (>= 0.60.3-2), dictionaries-common (>= 0.49.2)"
base-files,     7.2ubuntu5.5,   ""
base-passwd,    3.5.33, "libc6 (>= 2.8), libdebconfclient0 (>= 0.145)"
bash,   4.3-7ubuntu1.5, "base-files (>= 2.1.12), debianutils (>= 2.15)"
bc,     1.06.95-8ubuntu1,       "libc6 (>= 2.14), libreadline6 (>= 6.0)"
binutils,       2.24-5ubuntu14.1,       "libc6 (>= 2.14), zlib1g (>= 1:1.2.0)"
bsdutils,       1:2.20.1-5.1ubuntu20.7, "libc6 (>= 2.7)"
busybox-initramfs,      1:1.21.0-1ubuntu1,      "libc6 (>= 2.14)"
bzip2,  1.0.6-5,        "libbz2-1.0 (= 1.0.6-5), libc6 (>= 2.4)"
ca-certificates,        20160104ubuntu0.14.04.1,        "openssl (>= 1.0.0), debconf (>= 0.5) | debconf-2.0"
console-setup,  1.70ubuntu8,    "debconf (>= 1.5.34), xkb-data (>= 0.9), keyboard-configuration, initramfs-tools (>= 0.85eubuntu12), kbd (>= 1.15-1ubuntu3)"
coreutils,      8.21-1ubuntu5.4,        ""
cpio,   2.11+dfsg-1ubuntu1.2,   "libc6 (>= 2.17)"
cpp,    4:4.8.2-1ubuntu6,       "cpp-4.8 (>= 4.8.2-5~)"
cpp-4.8,        4.8.4-2ubuntu1~14.04.3, "gcc-4.8-base (= 4.8.4-2ubuntu1~14.04.3), libc6 (>= 2.14), libcloog-isl4 (>= 0.17), libgmp10, libisl10 (>= 0.10), libmpc3, libmpfr4 (>= 3.1.2), zlib1g (>= 1:1.1.4)"
cron,   3.0pl1-124ubuntu2,      "libc6 (>= 2.7), libpam0g (>= 0.99.7.1), libselinux1 (>= 1.32), upstart-job, debianutils (>= 1.7), adduser, lsb-base (>= 3.0-10), libpam-runtime (>= 1.0.1-11)"
dash,   0.5.7-4ubuntu1, "debianutils (>= 2.15), dpkg (>= 1.15.0)"
dc,     1.06.95-8ubuntu1,       "libc6 (>= 2.14)"
dconf-gsettings-backend,        0.20.0-1,       "libc6 (>= 2.14), libglib2.0-0 (>= 2.39.1), dconf-service (>= 0.20.0-1), dconf-service (<< 0.20.0-1.1~), libdconf1 (= 0.20.0-1)"
dconf-service,  0.20.0-1,       "libc6 (>= 2.14), libglib2.0-0 (>= 2.39.1), libdconf1 (= 0.20.0-1)"
debconf,        1.5.51ubuntu2,  ""
debconf-i18n,   1.5.51ubuntu2,  "debconf, liblocale-gettext-perl, libtext-iconv-perl, libtext-wrapi18n-perl, libtext-charwidth-perl"
debianutils,    4.4,    "sensible-utils"
dh-python,      1.20140128-1ubuntu8.2,  "python3:any (>= 3.3.2-2~)"
dictionaries-common,    1.20.5, "debconf (>= 1.5.5) | debconf-2.0, libtext-iconv-perl"
diffutils,      1:3.3-1,        ""
dmsetup,        2:1.02.77-6ubuntu2,     "libc6 (>= 2.14), libdevmapper1.02.1 (>= 2:1.02.77), initramfs-tools, util-linux (>> 2.16), udev (>> 141-2)"
dpkg,   1.17.5ubuntu5.7,        ""
e2fslibs,       1.42.9-3ubuntu1.3,      "libc6 (>= 2.17)"
e2fsprogs,      1.42.9-3ubuntu1.3,      ""
eject,  2.1.5+deb1+cvs20081104-13.1,    "libc6 (>= 2.8), libdevmapper1.02.1 (>= 2:1.02.20)"
enchant,        1.6.0-10ubuntu1,        "libc6 (>= 2.3.4), libenchant1c2a (>= 1.6.0), libglib2.0-0 (>= 2.12.0)"
file,   1:5.14-2ubuntu3.3,      "libc6 (>= 2.4), libmagic1 (= 1:5.14-2ubuntu3.3)"
findutils,      4.4.2-7,        ""
fontconfig,     2.11.0-0ubuntu4.2,      "fontconfig-config, libc6 (>= 2.3.4), libfontconfig1 (>= 2.9.0), libfreetype6 (>= 2.2.1)"
fontconfig-config,      2.11.0-0ubuntu4.2,      "fonts-dejavu-core | ttf-bitstream-vera | fonts-freefont-ttf | gsfonts-x11, ucf (>= 0.29)"
fonts-dejavu-core,      2.34-1ubuntu1,  ""
fonts-lyx,      2.0.8.1-0ubuntu1,       ""
fsl,    5.0.9-3~nd14.04+1,      "fsl-core"
fsl-5.0-core,   5.0.9-3~nd14.04+1,      "mozilla-firefox | www-browser, tcsh | c-shell, tk, tcl, bc, dc, python, libjs-excanvas, libc6 (>= 2.14), libgcc1 (>= 1:4.1.1), libgd3 (>= 2.1.0~alpha~), libgdchart-gd2-noxpm | libgdchart-gd2-xpm, libgiftiio0, libnewmat10ldbl, libnifti2, libpng12-0 (>= 1.2.13-4), libstdc++6 (>= 4.6), zlib1g (>= 1:1.1.4)"
fsl-5.0-eddy-nonfree,   5.0.9-1~nd14.04+1,      "neurodebian-popularity-contest, fsl-5.0-core (>= 5.0.9-1~), libc6 (>= 2.14), libgcc1 (>= 1:4.1.1), libnewmat10ldbl, libstdc++6 (>= 4.4.0)"
fsl-atlases,    5.0.7-2,        "fsl-harvard-oxford-atlases, fsl-juelich-histological-atlas, fsl-jhu-dti-whitematter-atlas, fsl-mni-structural-atlas, fsl-talairach-daemon-atlas, fsl-oxford-thalamic-connectivity-atlas, fsl-bangor-cerebellar-atlas, fsl-mni152-templates, fsl-oxford-striatal-atlas, fsl-subthalamic-nucleus-atlas, fsl-resting-connectivity-parcellation-atlases"
fsl-bangor-cerebellar-atlas,    5.0.7-2,        ""
fsl-core,       5.0.9-3~nd14.04+1,      "fsl-5.0-core"
fsl-harvard-oxford-atlases,     5.0.7-2,        ""
fsl-harvard-oxford-cortical-lateralized-atlas,  5.0.7-2,        "fsl-harvard-oxford-atlases"
fsl-jhu-dti-whitematter-atlas,  5.0.7-2,        ""
fsl-juelich-histological-atlas, 5.0.7-2,        ""
fsl-mni-structural-atlas,       5.0.7-2,        ""
fsl-mni152-templates,   5.0.7-2,        ""
fsl-oxford-striatal-atlas,      5.0.7-2,        ""
fsl-oxford-thalamic-connectivity-atlas, 5.0.7-2,        ""
fsl-resting-connectivity-parcellation-atlases,  5.0.7-2,        ""
fsl-subthalamic-nucleus-atlas,  5.0.7-2,        ""
fsl-talairach-daemon-atlas,     5.0.7-2,        ""
fslview,        4.0.1-7~nd14.04+1,      "neurodebian-popularity-contest, libc6 (>= 2.4), libgcc1 (>= 1:4.1.1), libnewmat10ldbl, libnifti2, libqt4-qt3support (>= 4:4.5.3), libqt4-xml (>= 4:4.5.3), libqtcore4 (>= 4:4.7.0~beta1), libqtgui4 (>= 4:4.7.0~beta1), libqwt5-qt4, libstdc++6 (>= 4.6), libvtk5.8, libvtk5.8-qt4"
fslview-doc,    4.0.1-7~nd14.04+1,      "neurodebian-popularity-contest"
g++,    4:4.8.2-1ubuntu6,       "cpp (>= 4:4.8.2-1ubuntu6), gcc (>= 4:4.8.2-1ubuntu6), g++-4.8 (>= 4.8.2-5~), gcc-4.8 (>= 4.8.2-5~)"
g++-4.8,        4.8.4-2ubuntu1~14.04.3, "gcc-4.8-base (= 4.8.4-2ubuntu1~14.04.3), gcc-4.8 (= 4.8.4-2ubuntu1~14.04.3), libstdc++-4.8-dev (= 4.8.4-2ubuntu1~14.04.3), libc6 (>= 2.14), libcloog-isl4 (>= 0.17), libgmp10, libisl10 (>= 0.10), libmpc3, libmpfr4 (>= 3.1.2), zlib1g (>= 1:1.1.4)"
gcc,    4:4.8.2-1ubuntu6,       "cpp (>= 4:4.8.2-1ubuntu6), gcc-4.8 (>= 4.8.2-5~)"
gcc-4.8,        4.8.4-2ubuntu1~14.04.3, "cpp-4.8 (= 4.8.4-2ubuntu1~14.04.3), gcc-4.8-base (= 4.8.4-2ubuntu1~14.04.3), binutils (>= 2.24), libgcc-4.8-dev (>= 4.8.4-2ubuntu1~14.04.3), libc6 (>= 2.14), libcloog-isl4 (>= 0.17), libgmp10, libisl10 (>= 0.10), libmpc3, libmpfr4 (>= 3.1.2), zlib1g (>= 1:1.1.4)"
gcc-4.8-base,   4.8.4-2ubuntu1~14.04.3, ""
gcc-4.9-base,   4.9.3-0ubuntu4, ""
glib-networking,        2.40.0-1ubuntu0.1,      "libc6 (>= 2.14), libglib2.0-0 (>= 2.39.4), libgnutls26 (>= 2.12.17-0), libp11-kit0 (>= 0.11), libproxy1 (>= 0.4.7), glib-networking-services (>= 2.40.0-1ubuntu0.1), glib-networking-services (<< 2.40.0-1ubuntu0.1.1~), glib-networking-common (= 2.40.0-1ubuntu0.1), gsettings-desktop-schemas"
glib-networking-common, 2.40.0-1ubuntu0.1,      ""
glib-networking-services,       2.40.0-1ubuntu0.1,      "libc6 (>= 2.2.5), libglib2.0-0 (>= 2.39.3), libproxy1 (>= 0.4.7), glib-networking-common (= 2.40.0-1ubuntu0.1)"
gnupg,  1.4.16-1ubuntu2.4,      "libbz2-1.0, libc6 (>= 2.15), libreadline6 (>= 6.0), libusb-0.1-4 (>= 2:0.1.12), zlib1g (>= 1:1.1.4), gpgv"
gpgv,   1.4.16-1ubuntu2.4,      "libbz2-1.0, libc6 (>= 2.14), zlib1g (>= 1:1.1.4)"
grep,   2.16-1, "dpkg (>= 1.15.4) | install-info"
gsettings-desktop-schemas,      3.10.1-0ubuntu1,        "dconf-gsettings-backend | gsettings-backend"
gstreamer1.0-plugins-base,      1.2.4-1~ubuntu2,        "libc6 (>= 2.14), libcdparanoia0 (>= 3.10.2+debian), libglib2.0-0 (>= 2.37.3), libgstreamer1.0-0 (>= 1.2.0), libogg0 (>= 1.0rc3), liborc-0.4-0 (>= 1:0.4.18), libtheora0 (>= 1.0), libvisual-0.4-0 (>= 0.4.0-4), libvorbis0a (>= 1.1.2), libvorbisenc2 (>= 1.1.2), libgstreamer-plugins-base1.0-0 (>= 1.2.4)"
gstreamer1.0-plugins-good,      1.2.4-1~ubuntu1,        "libaa1 (>= 1.4p5), libavc1394-0 (>= 0.5.3), libbz2-1.0, libc6 (>= 2.17), libcaca0 (>= 0.99.beta17-1), libcairo-gobject2 (>= 1.10.0), libcairo2 (>= 1.10.0), libdv4, libflac8 (>= 1.3.0), libgcc1 (>= 1:4.1.1), libgdk-pixbuf2.0-0 (>= 2.22.0), libglib2.0-0 (>= 2.37.3), libgstreamer-plugins-base1.0-0 (>= 1.2.1), libgstreamer-plugins-good1.0-0 (= 1.2.4-1~ubuntu1), libgstreamer1.0-0 (>= 1.2.0), libiec61883-0 (>= 1.2.0), libjack-jackd2-0 (>= 1.9.5~dfsg-14) | libjack-0.116, libjpeg8 (>= 8c), liborc-0.4-0 (>= 1:0.4.18), libpng12-0 (>= 1.2.13-4), libraw1394-11, libshout3, libsoup2.4-1 (>= 2.38), libspeex1 (>= 1.2~beta3-1), libstdc++6 (>= 4.1.1), libtag1c2a (>= 1.5), libv4l-0 (>= 0.5.0), libvpx1 (>= 1.3.0), libwavpack1 (>= 4.40.0), libx11-6, libxdamage1 (>= 1:1.1), libxext6, libxfixes3, libxv1, zlib1g (>= 1:1.1.4), gstreamer1.0-plugins-base"
gstreamer1.0-x, 1.2.4-1~ubuntu2,        "libc6 (>= 2.14), libcairo2 (>= 1.2.4), libglib2.0-0 (>= 2.37.3), libgstreamer1.0-0 (>= 1.0.0), libpango-1.0-0 (>= 1.22.0), libpangocairo-1.0-0 (>= 1.16.0), libx11-6, libxext6, libxv1, libgstreamer-plugins-base1.0-0 (>= 1.2.4)"
gzip,   1.6-3ubuntu1,   "dpkg (>= 1.15.4) | install-info"
hicolor-icon-theme,     0.13-1, ""
hostname,       3.15ubuntu1,    ""
hunspell-en-us, 20070829-4ubuntu3,      "dictionaries-common (>= 0.10)"
ifupdown,       0.7.47.2ubuntu4.4,      "iproute2, libc6 (>= 2.14), sysv-rc (>= 2.88dsf-24) | file-rc (>= 0.8.16), lsb-base (>= 4.1+Debian3), initscripts (>= 2.88dsf-25), adduser"
init-system-helpers,    1.14,   "perl"
initramfs-tools,        0.103ubuntu4.4, "initramfs-tools-bin (>= 0.103ubuntu4.4), initramfs-tools-bin (<< 0.103ubuntu4.4.1~), klibc-utils (>= 2.0-1~), busybox-initramfs (>= 1:1.13.3-1ubuntu5), cpio, module-init-tools, udev (>= 147~-5), findutils (>= 4.2.24), util-linux (>> 2.15~rc1)"
initramfs-tools-bin,    0.103ubuntu4.4, "libc6 (>= 2.4), libudev1 (>= 183)"
initscripts,    2.88dsf-41ubuntu6.3,    "libc6 (>= 2.4), mount (>= 2.11x-1), debianutils (>= 4), lsb-base (>= 3.2-14), sysvinit-utils (>= 2.86.ds1-64), sysv-rc | file-rc, coreutils (>= 5.93), passwd"
insserv,        1.14.0-5ubuntu2,        "libc6 (>= 2.14)"
iproute2,       3.12.0-2ubuntu1,        "libc6 (>= 2.14), libdb5.3"
iputils-ping,   3:20121221-4ubuntu1.1,  "libc6 (>= 2.14), libcap2 (>= 2.10), libgnutls-openssl27"
isc-dhcp-client,        4.2.4-7ubuntu12.7,      "libc6 (>= 2.15), debianutils (>= 2.8.2), isc-dhcp-common (= 4.2.4-7ubuntu12.7), iproute2"
isc-dhcp-common,        4.2.4-7ubuntu12.7,      "libc6 (>= 2.15), debianutils (>= 2.8.2)"
iso-codes,      3.52-1, ""
javascript-common,      11,     ""
kbd,    1.15.5-1ubuntu1,        "libc6 (>= 2.14), console-setup, lsb-base (>= 3.0-10), initramfs-tools"
keyboard-configuration, 1.70ubuntu8,    "debconf (>= 1.5.34), liblocale-gettext-perl"
klibc-utils,    2.0.3-0ubuntu1.14.04.1, "libklibc (= 2.0.3-0ubuntu1.14.04.1)"
kmod,   15-0ubuntu6,    "libc6 (>= 2.17), libkmod2, sysv-rc (>= 2.88dsf-24) | file-rc (>= 0.8.16), lsb-base (>= 3.0-6)"
krb5-locales,   1.12+dfsg-2ubuntu5.2,   ""
less,   458-2,  "libc6 (>= 2.14), libtinfo5, debianutils (>= 1.8)"
libaa1, 1.4p5-41,       "libc6 (>= 2.15), libgpm2 (>= 1.20.4), libncurses5 (>= 5.5-5~), libslang2 (>= 2.2.4), libtinfo5, libx11-6"
libacl1,        2.2.52-1,       "libattr1 (>= 1:2.4.46-8), libc6 (>= 2.14)"
libamd2.3.1,    1:4.2.1-3ubuntu1,       "libc6 (>= 2.2.5)"
libapt-inst1.5, 1.0.1ubuntu2.14,        "libapt-pkg4.12 (>= 0.8.16~exp9), libc6 (>= 2.14), libgcc1 (>= 1:4.1.1), libstdc++6 (>= 4.4.0)"
libapt-pkg4.12, 1.0.1ubuntu2.14,        "libbz2-1.0, libc6 (>= 2.15), libgcc1 (>= 1:4.1.1), liblzma5 (>= 5.1.1alpha+20120614), libstdc++6 (>= 4.6), zlib1g (>= 1:1.2.2.3)"
libarchive-extract-perl,        0.70-1, "perl (>= 5.13.6)"
libasan0,       4.8.4-2ubuntu1~14.04.3, "gcc-4.8-base (= 4.8.4-2ubuntu1~14.04.3), libc6 (>= 2.4), libgcc1 (>= 1:4.1.1)"
libasn1-8-heimdal,      1.6~git20131207+dfsg-1ubuntu1.1,        "libc6 (>= 2.14), libcomerr2 (>= 1.01), libroken18-heimdal (>= 1.4.0+git20110226)"
libasound2,     1.0.27.2-3ubuntu7,      "libc6 (>= 2.16), libasound2-data (>= 1.0.27.2-3ubuntu7)"
libasound2-data,        1.0.27.2-3ubuntu7,      ""
libaspell15,    0.60.7~20110707-1ubuntu1,       "libc6 (>= 2.14), libstdc++6 (>= 4.6)"
libatk1.0-0,    2.10.0-2ubuntu2,        "libc6 (>= 2.2.5), libglib2.0-0 (>= 2.37.3), libatk1.0-data (= 2.10.0-2ubuntu2)"
libatk1.0-data, 2.10.0-2ubuntu2,        ""
libatomic1,     4.8.4-2ubuntu1~14.04.3, "gcc-4.8-base (= 4.8.4-2ubuntu1~14.04.3), libc6 (>= 2.14)"
libattr1,       1:2.4.47-1ubuntu1,      "libc6 (>= 2.4)"
libaudio2,      1.9.4-1,        "libc6 (>= 2.15), libxau6, libxt6"
libaudit-common,        1:2.3.2-2ubuntu1,       ""
libaudit1,      1:2.3.2-2ubuntu1,       "libaudit-common (= 1:2.3.2-2ubuntu1), libc6 (>= 2.14)"
libavahi-client3,       0.6.31-4ubuntu1.1,      "libavahi-common3 (>= 0.6.22), libc6 (>= 2.4), libdbus-1-3 (>= 1.1.1)"
libavahi-common-data,   0.6.31-4ubuntu1.1,      ""
libavahi-common3,       0.6.31-4ubuntu1.1,      "libc6 (>= 2.14), libavahi-common-data"
libavc1394-0,   0.5.4-2,        "libc6 (>= 2.14), libraw1394-11"
libavcodec54,   6:9.18-0ubuntu0.14.04.1,        "libavutil52 (>= 6:9.1-1), libc6 (>= 2.14), libgsm1 (>= 1.0.13), libmp3lame0, libopenjpeg2, libopus0 (>= 1.0.3), libschroedinger-1.0-0 (>= 1.0.7), libspeex1 (>= 1.2~beta3-1), libtheora0 (>= 1.0), libva1 (>> 1.3.0~), libvorbis0a (>= 1.1.2), libvorbisenc2 (>= 1.1.2), libvpx1 (>= 1.0.0), libx264-142, libxvidcore4 (>= 1.2.2), zlib1g (>= 1:1.2.0)"
libavformat54,  6:9.18-0ubuntu0.14.04.1,        "libavcodec54 (>= 6:9.1-1) | libavcodec-extra-54 (>= 6:9.18), libavutil52 (>= 6:9.1-1), libbz2-1.0, libc6 (>= 2.14), libgnutls26 (>= 2.12.17-0), librtmp0 (>= 2.3), zlib1g (>= 1:1.1.4)"
libavutil52,    6:9.18-0ubuntu0.14.04.1,        "libc6 (>= 2.14)"
libblas3,       1.2.20110419-7, "libc6 (>= 2.4)"
libblkid1,      2.20.1-5.1ubuntu20.7,   "libc6 (>= 2.14), libuuid1 (>= 2.16)"
libbsd0,        0.6.0-2ubuntu1, "libc6 (>= 2.14)"
libbz2-1.0,     1.0.6-5,        "libc6 (>= 2.4)"
libc-bin,       2.19-0ubuntu6.9,        "libc6 (>> 2.19), libc6 (<< 2.20)"
libc-dev-bin,   2.19-0ubuntu6.9,        "libc6 (>> 2.19), libc6 (<< 2.20)"
libc6,  2.19-0ubuntu6.9,        "libgcc1"
libc6-dev,      2.19-0ubuntu6.9,        "libc6 (= 2.19-0ubuntu6.9), libc-dev-bin (= 2.19-0ubuntu6.9), linux-libc-dev"
libcaca0,       0.99.beta18-1ubuntu5,   "libc6 (>= 2.14), libncursesw5 (>= 5.6+20070908), libslang2 (>= 2.2.4), libstdc++6 (>= 4.1.1), libtinfo5, zlib1g (>= 1:1.1.4)"
libcairo-gobject2,      1.13.0~20140204-0ubuntu1.1,     "libc6 (>= 2.2.5), libcairo2 (>= 1.10.0), libglib2.0-0 (>= 2.14.0)"
libcairo2,      1.13.0~20140204-0ubuntu1.1,     "libc6 (>= 2.14), libfontconfig1 (>= 2.9.0), libfreetype6 (>= 2.3.5), libpixman-1-0 (>= 0.30.0), libpng12-0 (>= 1.2.13-4), libx11-6, libxcb-render0, libxcb-shm0, libxcb1 (>= 1.6), libxext6, libxrender1, zlib1g (>= 1:1.1.4)"
libcamd2.3.1,   1:4.2.1-3ubuntu1,       "libc6 (>= 2.2.5)"
libcap2,        1:2.24-0ubuntu2,        "libc6 (>= 2.8)"
libcap2-bin,    1:2.24-0ubuntu2,        "libc6 (>= 2.14), libcap2 (>= 2.10)"
libccolamd2.8.0,        1:4.2.1-3ubuntu1,       "libc6 (>= 2.2.5)"
libcdparanoia0, 3.10.2+debian-11,       "libc6 (>= 2.15)"
libcgmanager0,  0.24-0ubuntu7.5,        "libc6 (>= 2.2.5), libdbus-1-3 (>= 1.0.2), libnih-dbus1 (>= 1.0.0), libnih1 (>= 1.0.0)"
libcholmod2.1.2,        1:4.2.1-3ubuntu1,       "libamd2.3.1, libblas3 | libblas.so.3, libc6 (>= 2.7), libcamd2.3.1, libccolamd2.8.0, libcolamd2.8.0, liblapack3 | liblapack.so.3"
libcloog-isl4,  0.18.2-1,       "libc6 (>= 2.14), libgmp10, libisl10 (>= 0.11)"
libcolamd2.8.0, 1:4.2.1-3ubuntu1,       "libc6 (>= 2.2.5)"
libcomerr2,     1.42.9-3ubuntu1.3,      "libc6 (>= 2.17)"
libcr0, 0.8.5-2.1,      "libc6 (>= 2.15)"
libcups2,       1.7.2-0ubuntu1.7,       "libavahi-client3 (>= 0.6.16), libavahi-common3 (>= 0.6.16), libc6 (>= 2.14), libgnutls26 (>= 2.12.17-0), libgssapi-krb5-2 (>= 1.10+dfsg~), zlib1g (>= 1:1.2.0)"
libcurl3,       7.35.0-1ubuntu2.9,      "libc6 (>= 2.17), libgssapi-krb5-2 (>= 1.10+dfsg~), libidn11 (>= 1.13), libldap-2.4-2 (>= 2.4.7), librtmp0 (>= 2.3), libssl1.0.0 (>= 1.0.1), zlib1g (>= 1:1.1.4)"
libcurl3-gnutls,        7.35.0-1ubuntu2.9,      "libc6 (>= 2.17), libgcrypt11 (>= 1.5.1), libgnutls26 (>= 2.12.17-0), libgssapi-krb5-2 (>= 1.10+dfsg~), libidn11 (>= 1.13), libldap-2.4-2 (>= 2.4.7), librtmp0 (>= 2.3), zlib1g (>= 1:1.1.4)"
libdatrie1,     0.2.8-1,        "libc6 (>= 2.14)"
libdb5.3,       5.3.28-3ubuntu3,        "libc6 (>= 2.17)"
libdbus-1-3,    1.6.18-0ubuntu4.3,      "libc6 (>= 2.14)"
libdbus-glib-1-2,       0.100.2-1,      "libc6 (>= 2.14), libdbus-1-3 (>= 1.2.16), libglib2.0-0 (>= 2.31.8)"
libdconf1,      0.20.0-1,       "libc6 (>= 2.14), libglib2.0-0 (>= 2.39.1)"
libdebconfclient0,      0.187ubuntu1,   "libc6 (>= 2.4)"
libdevmapper1.02.1,     2:1.02.77-6ubuntu2,     "libc6 (>= 2.14), libselinux1 (>= 1.32), libudev1 (>= 183), dmsetup (>= 2:1.02.77-6ubuntu2)"
libdrm-intel1,  2.4.67-1ubuntu0.14.04.1,        "libc6 (>= 2.17), libdrm2 (>= 2.4.38), libpciaccess0"
libdrm-nouveau2,        2.4.67-1ubuntu0.14.04.1,        "libc6 (>= 2.14), libdrm2 (>= 2.4.38)"
libdrm-radeon1, 2.4.67-1ubuntu0.14.04.1,        "libc6 (>= 2.3.4), libdrm2 (>= 2.4.38)"
libdrm2,        2.4.67-1ubuntu0.14.04.1,        "libc6 (>= 2.17)"
libdv4, 1.0.0-6,        "libc6 (>= 2.14)"
libelf1,        0.158-0ubuntu5.2,       "libc6 (>= 2.14)"
libenchant1c2a, 1.6.0-10ubuntu1,        "aspell-en | myspell-dictionary | aspell-dictionary | ispell-dictionary | hunspell-dictionary, libaspell15 (>= 0.60.7~20110707), libc6 (>= 2.7), libgcc1 (>= 1:4.1.1), libglib2.0-0 (>= 2.35.9), libhunspell-1.3-0, libstdc++6 (>= 4.1.1), zlib1g (>= 1:1.1.4)"
libestr0,       0.1.9-0ubuntu2, "libc6 (>= 2.14)"
libexpat1,      2.1.0-4ubuntu1.3,       "libc6 (>= 2.14)"
libexpat1-dev,  2.1.0-4ubuntu1.3,       "libexpat1 (= 2.1.0-4ubuntu1.3), libc6-dev | libc-dev"
libffi6,        3.1~rc1+r3.0.13-12ubuntu0.1,    "libc6 (>= 2.14)"
libflac8,       1.3.0-2ubuntu0.14.04.1, "libc6 (>= 2.14), libogg0 (>= 1.0rc3)"
libfontconfig1, 2.11.0-0ubuntu4.2,      "fontconfig-config (= 2.11.0-0ubuntu4.2), libc6 (>= 2.14), libexpat1 (>= 2.0.1), libfreetype6 (>= 2.2.1)"
libfontenc1,    1:1.1.2-1,      "libc6 (>= 2.14), zlib1g (>= 1:1.1.4)"
libfreetype6,   2.5.2-1ubuntu2.5,       "libc6 (>= 2.14), libpng12-0 (>= 1.2.13-4), zlib1g (>= 1:1.1.4)"
libfreetype6-dev,       2.5.2-1ubuntu2.5,       "libfreetype6 (= 2.5.2-1ubuntu2.5), libc6-dev | libc-dev, zlib1g-dev | libz-dev, libpng-dev"
libfribidi0,    0.19.6-1,       "libc6 (>= 2.4)"
libgcc-4.8-dev, 4.8.4-2ubuntu1~14.04.3, "gcc-4.8-base (= 4.8.4-2ubuntu1~14.04.3), libgcc1 (>= 1:4.8.4-2ubuntu1~14.04.3), libgomp1 (>= 4.8.4-2ubuntu1~14.04.3), libitm1 (>= 4.8.4-2ubuntu1~14.04.3), libatomic1 (>= 4.8.4-2ubuntu1~14.04.3), libasan0 (>= 4.8.4-2ubuntu1~14.04.3), libtsan0 (>= 4.8.4-2ubuntu1~14.04.3), libquadmath0 (>= 4.8.4-2ubuntu1~14.04.3)"
libgcc1,        1:4.9.3-0ubuntu4,       "gcc-4.9-base (= 4.9.3-0ubuntu4), libc6 (>= 2.14)"
libgcrypt11,    1.5.3-2ubuntu4.4,       "libc6 (>= 2.15), libgpg-error0 (>= 1.10)"
libgd3, 2.1.0-3ubuntu0.5,       "libc6 (>= 2.14), libfontconfig1 (>= 2.9.0), libfreetype6 (>= 2.2.1), libjpeg8 (>= 8c), libpng12-0 (>= 1.2.13-4), libtiff5 (>= 4.0.3), libvpx1 (>= 1.0.0), libxpm4, zlib1g (>= 1:1.1.4)"
libgdbm3,       1.8.3-12build1, "libc6 (>= 2.14), dpkg (>= 1.15.4) | install-info"
libgdchart-gd2-noxpm,   0.11.5-7.1ubuntu1,      "libc6 (>= 2.14), libgd3 (>= 2.1.0~alpha~)"
libgdk-pixbuf2.0-0,     2.30.7-0ubuntu1.6,      "libc6 (>= 2.14), libglib2.0-0 (>= 2.37.6), libjasper1, libjpeg8 (>= 8c), libpng12-0 (>= 1.2.13-4), libtiff5 (>= 4.0.3), libx11-6, libgdk-pixbuf2.0-common (= 2.30.7-0ubuntu1.6)"
libgdk-pixbuf2.0-common,        2.30.7-0ubuntu1.6,      ""
libgeoclue0,    0.12.99-3ubuntu1,       "libc6 (>= 2.4), libdbus-glib-1-2 (>= 0.88), libglib2.0-0 (>= 2.37.3), libxml2 (>= 2.7.4)"
libgfortran3,   4.8.4-2ubuntu1~14.04.3, "gcc-4.8-base (= 4.8.4-2ubuntu1~14.04.3), libc6 (>= 2.17), libgcc1 (>= 1:4.4.0), libquadmath0 (>= 4.6)"
libgiftiio0,    1.0.9-1,        "libc6 (>= 2.4), libexpat1 (>= 1.95.8), libnifti2, zlib1g (>= 1:1.1.4)"
libgl1-mesa-dri,        10.1.3-0ubuntu0.6,      "libc6 (>= 2.17), libdrm-intel1 (>= 2.4.48), libdrm-nouveau2 (>= 2.4.38), libdrm-radeon1 (>= 2.4.31), libdrm2 (>= 2.4.38), libelf1 (>= 0.142), libexpat1 (>= 2.0.1), libgcc1 (>= 1:4.1.1), libllvm3.4, libstdc++6 (>= 4.6)"
libgl1-mesa-glx,        10.1.3-0ubuntu0.6,      "libc6 (>= 2.14), libdrm2 (>= 2.3.1), libglapi-mesa (= 10.1.3-0ubuntu0.6), libx11-6 (>= 2:1.4.99.1), libx11-xcb1, libxcb-dri2-0 (>= 1.8), libxcb-dri3-0, libxcb-glx0 (>= 1.8), libxcb-present0, libxcb-sync1, libxcb1 (>= 1.9.2), libxdamage1 (>= 1:1.1), libxext6, libxfixes3, libxshmfence1, libxxf86vm1, libudev1 | libudev0"
libgl2ps0,      1.3.8-1,        "libc6 (>= 2.14)"
libglade2-0,    1:2.6.4-2,      "libatk1.0-0 (>= 1.12.4), libc6 (>= 2.14), libgdk-pixbuf2.0-0 (>= 2.22.0), libglib2.0-0 (>= 2.37.3), libgtk2.0-0 (>= 2.8.0), libpango-1.0-0 (>= 1.14.0), libxml2 (>= 2.7.4)"
libglapi-mesa,  10.1.3-0ubuntu0.6,      "libc6 (>= 2.3.4)"
libglib2.0-0,   2.40.2-0ubuntu1,        "libc6 (>= 2.17), libffi6 (>= 3.0.4), libpcre3, libselinux1 (>= 1.32), zlib1g (>= 1:1.2.2)"
libglib2.0-data,        2.40.2-0ubuntu1,        ""
libglu1-mesa,   9.0.0-2,        "libc6 (>= 2.14), libgcc1 (>= 1:4.1.1), libgl1-mesa-glx | libgl1, libstdc++6 (>= 4.1.1)"
libgmp10,       2:5.1.3+dfsg-1ubuntu1,  "libc6 (>= 2.14)"
libgnutls-openssl27,    2.12.23-12ubuntu2.5,    "libgnutls26 (= 2.12.23-12ubuntu2.5), libc6 (>= 2.14)"
libgnutls26,    2.12.23-12ubuntu2.5,    "libc6 (>= 2.14), libgcrypt11 (>= 1.5.1), libp11-kit0 (>= 0.11), libtasn1-6 (>= 3.4-0), zlib1g (>= 1:1.1.4)"
libgomp1,       4.8.4-2ubuntu1~14.04.3, "gcc-4.8-base (= 4.8.4-2ubuntu1~14.04.3), libc6 (>= 2.17)"
libgpg-error0,  1.12-0.2ubuntu1,        "libc6 (>= 2.14)"
libgpm2,        1.20.4-6.1,     "libc6 (>= 2.15)"
libgraphite2-3, 1.3.6-1ubuntu0.14.04.1, "libc6 (>= 2.14)"
libgsm1,        1.0.13-4,       "libc6 (>= 2.3.4)"
libgssapi-krb5-2,       1.12+dfsg-2ubuntu5.2,   "libc6 (>= 2.14), libcomerr2 (>= 1.34), libk5crypto3 (>= 1.8+dfsg), libkrb5-3 (= 1.12+dfsg-2ubuntu5.2), libkrb5support0 (>= 1.12~alpha1+dfsg)"
libgssapi3-heimdal,     1.6~git20131207+dfsg-1ubuntu1.1,        "libasn1-8-heimdal (>= 1.4.0+git20110226), libc6 (>= 2.14), libcomerr2 (>= 1.01), libhcrypto4-heimdal (>= 1.4.0+git20110226), libheimntlm0-heimdal (>= 1.4.0+git20110226), libkrb5-26-heimdal (>= 1.6~git20131117), libroken18-heimdal (>= 1.4.0+git20110226)"
libgstreamer-plugins-base1.0-0, 1.2.4-1~ubuntu2,        "libc6 (>= 2.14), libglib2.0-0 (>= 2.37.3), libgstreamer1.0-0 (>= 1.2.0), liborc-0.4-0 (>= 1:0.4.18), zlib1g (>= 1:1.1.4), iso-codes"
libgstreamer-plugins-good1.0-0, 1.2.4-1~ubuntu1,        "libc6 (>= 2.2.5), libglib2.0-0 (>= 2.37.3), libgstreamer-plugins-base1.0-0 (>= 1.0.0), libgstreamer1.0-0 (>= 1.0.0)"
libgstreamer1.0-0,      1.2.4-0ubuntu1, "libc6 (>= 2.17), libglib2.0-0 (>= 2.37.3)"
libgtk2.0-0,    2.24.23-0ubuntu1.4,     "libgtk2.0-common, libatk1.0-0 (>= 1.32.0), libc6 (>= 2.14), libcairo2 (>= 1.6.4-6.1), libcups2 (>= 1.6.2), libfontconfig1 (>= 2.9.0), libgdk-pixbuf2.0-0 (>= 2.22.0), libglib2.0-0 (>= 2.37.3), libpango-1.0-0 (>= 1.28.3), libpangocairo-1.0-0 (>= 1.28.3), libpangoft2-1.0-0 (>= 1.28.3), libx11-6 (>= 2:1.4.99.1), libxcomposite1 (>= 1:0.3-1), libxcursor1 (>> 1.1.2), libxdamage1 (>= 1:1.1), libxext6, libxfixes3, libxi6, libxinerama1, libxrandr2 (>= 2:1.2.99.3), libxrender1, shared-mime-info"
libgtk2.0-bin,  2.24.23-0ubuntu1.4,     "libgtk2.0-0 (= 2.24.23-0ubuntu1.4), libgtk2.0-common"
libgtk2.0-common,       2.24.23-0ubuntu1.4,     ""
libharfbuzz-icu0,       0.9.27-1ubuntu1.1,      "libharfbuzz0b (>= 0.6.0), libicu52 (>= 52~m1-1~)"
libharfbuzz0b,  0.9.27-1ubuntu1.1,      "libc6 (>= 2.14), libfreetype6 (>= 2.3.9), libglib2.0-0 (>= 2.30.0), libgraphite2-3 (>= 1.2.2)"
libhcrypto4-heimdal,    1.6~git20131207+dfsg-1ubuntu1.1,        "libasn1-8-heimdal (>= 1.4.0+git20110226), libc6 (>= 2.14), libroken18-heimdal (>= 1.4.0+git20110226)"
libhdf5-7,      1.8.11-5ubuntu7,        "libc6 (>= 2.14), libgcc1 (>= 1:4.1.1), libgfortran3 (>= 4.3), libstdc++6 (>= 4.2.1), zlib1g (>= 1:1.1.4)"
libheimbase1-heimdal,   1.6~git20131207+dfsg-1ubuntu1.1,        "libc6 (>= 2.14)"
libheimntlm0-heimdal,   1.6~git20131207+dfsg-1ubuntu1.1,        "libc6 (>= 2.4), libhcrypto4-heimdal (>= 1.4.0+git20110226), libkrb5-26-heimdal (>= 1.4.0+git20110226), libroken18-heimdal (>= 1.4.0+git20110226)"
libhunspell-1.3-0,      1.3.2-6ubuntu2.1,       "libc6 (>= 2.14), libgcc1 (>= 1:4.1.1), libstdc++6 (>= 4.1.1)"
libhwloc-plugins,       1.8-1ubuntu1.14.04.1,   "libc6 (>= 2.4), libltdl7 (>= 2.4.2), libopencl-1.1-1, libpciaccess0, libxml2 (>= 2.7.4), ocl-icd-libopencl1 (>= 1.0) | libopencl1, libhwloc5"
libhwloc5,      1.8-1ubuntu1.14.04.1,   "libc6 (>= 2.14), libltdl7 (>= 2.4.2), libnuma1"
libhx509-5-heimdal,     1.6~git20131207+dfsg-1ubuntu1.1,        "libasn1-8-heimdal (>= 1.4.0+git20110226), libc6 (>= 2.14), libcomerr2 (>= 1.34), libhcrypto4-heimdal (>= 1.4.0+git20110226), libheimbase1-heimdal (>= 1.6~git20131117), libroken18-heimdal (>= 1.4.0+git20110226), libwind0-heimdal (>= 1.4.0+git20110226)"
libibverbs1,    1.1.7-1ubuntu1.1,       "libc6 (>= 2.14), adduser"
libice6,        2:1.0.8-2,      "libc6 (>= 2.14), x11-common"
libicu52,       52.1-3ubuntu0.4,        "libc6 (>= 2.14), libgcc1 (>= 1:4.1.1), libstdc++6 (>= 4.4.0)"
libidn11,       1.28-1ubuntu2.1,        "libc6 (>= 2.14)"
libiec61883-0,  1.2.0-0.1ubuntu3,       "libc6 (>= 2.3.4), libraw1394-11"
libisl10,       0.12.2-1,       "libc6 (>= 2.14), libgmp10"
libitm1,        4.8.4-2ubuntu1~14.04.3, "gcc-4.8-base (= 4.8.4-2ubuntu1~14.04.3), libc6 (>= 2.14)"
libjack-jackd2-0,       1.9.9.5+20130622git7de15e7a-1ubuntu1,   "libc6 (>= 2.14), libgcc1 (>= 1:4.1.1), libsamplerate0 (>= 0.1.7), libstdc++6 (>= 4.6)"
libjasper1,     1.900.1-14ubuntu3.3,    "libc6 (>= 2.14), libjpeg8 (>= 8c)"
libjavascriptcoregtk-1.0-0,     2.4.10-0ubuntu0.14.04.1,        "libc6 (>= 2.14), libglib2.0-0 (>= 2.36.0), libicu52 (>= 52~m1-1~), libstdc++6 (>= 4.8.1), zlib1g (>= 1:1.1.4)"
libjbig0,       2.0-2ubuntu4.1, "libc6 (>= 2.4)"
libjpeg-turbo8, 1.3.0-0ubuntu2, "libc6 (>= 2.14)"
libjpeg8,       8c-2ubuntu8,    "libjpeg-turbo8 (>= 1.1.90+svn722-1ubuntu6)"
libjs-excanvas, 0.r3-3, ""
libjson-c2,     0.11-3ubuntu1.2,        "libc6 (>= 2.14)"
libjson0,       0.11-3ubuntu1.2,        "libjson-c2"
libk5crypto3,   1.12+dfsg-2ubuntu5.2,   "libc6 (>= 2.14), libkrb5support0 (>= 1.12~alpha1+dfsg)"
libkeyutils1,   1.5.6-1,        "libc6 (>= 2.14)"
libklibc,       2.0.3-0ubuntu1.14.04.1, ""
libkmod2,       15-0ubuntu6,    "libc6 (>= 2.17)"
libkrb5-26-heimdal,     1.6~git20131207+dfsg-1ubuntu1.1,        "libasn1-8-heimdal (>= 1.6~git20131117), libc6 (>= 2.15), libcomerr2 (>= 1.41.11), libhcrypto4-heimdal (>= 1.4.0+git20110226), libheimbase1-heimdal (>= 1.6~git20131117), libhx509-5-heimdal (>= 1.4.0+git20110226), libroken18-heimdal (>= 1.6~git20131117), libsqlite3-0 (>= 3.5.9), libwind0-heimdal (>= 1.6~git20120311)"
libkrb5-3,      1.12+dfsg-2ubuntu5.2,   "libc6 (>= 2.16), libcomerr2 (>= 1.34), libk5crypto3 (>= 1.9+dfsg~beta1), libkeyutils1, libkrb5support0 (= 1.12+dfsg-2ubuntu5.2)"
libkrb5support0,        1.12+dfsg-2ubuntu5.2,   "libc6 (>= 2.14)"
liblapack3,     3.5.0-2ubuntu1, "libblas3 | libblas.so.3, libc6 (>= 2.14), libgcc1 (>= 1:4.1.1), libgfortran3 (>= 4.6)"
liblcms2-2,     2.5-0ubuntu4.1, "libc6 (>= 2.14)"
libldap-2.4-2,  2.4.31-1+nmu2ubuntu8.3, "libc6 (>= 2.14), libgcrypt11 (>= 1.5.1), libgnutls26 (>= 2.12.17-0), libgssapi3-heimdal (>= 1.4.0+git20110226), libsasl2-2 (>= 2.1.24)"
libllvm3.4,     1:3.4-1ubuntu3, "libc6 (>= 2.15), libffi6 (>= 3.0.4), libgcc1 (>= 1:4.1.1), libstdc++6 (>= 4.6), libtinfo5"
liblocale-gettext-perl, 1.05-7build3,   "libc6 (>= 2.2.5)"
liblockfile-bin,        1.09-6ubuntu1,  "libc6 (>= 2.14)"
liblockfile1,   1.09-6ubuntu1,  "libc6 (>= 2.14), liblockfile-bin (>= 1.09-6ubuntu1)"
liblog-message-simple-perl,     0.10-1, "perl"
libltdl7,       2.4.2-1.7ubuntu1,       "libc6 (>= 2.14)"
liblzma5,       5.1.1alpha+20120614-2ubuntu2,   "libc6 (>= 2.14)"
libmagic1,      1:5.14-2ubuntu3.3,      "libc6 (>= 2.15), zlib1g (>= 1:1.1.4)"
libmodule-pluggable-perl,       5.1-1,  "perl"
libmount1,      2.20.1-5.1ubuntu20.7,   "libblkid1 (>= 2.17.2), libc6 (>= 2.14), libselinux1 (>= 1.32)"
libmp3lame0,    3.99.5+repack1-3ubuntu1,        "libc6 (>= 2.15)"
libmpc3,        1.0.1-1ubuntu1, "libc6 (>= 2.3.4), libgmp10, libmpfr4 (>= 3.1.2)"
libmpdec2,      2.4.0-6,        "libc6 (>= 2.14)"
libmpfr4,       3.1.2-1,        "libc6 (>= 2.14), libgmp10"
libmysqlclient18,       5.5.53-0ubuntu0.14.04.1,        "mysql-common (>= 5.5.53-0ubuntu0.14.04.1), libc6 (>= 2.17), zlib1g (>= 1:1.1.4)"
libncurses5,    5.9+20140118-1ubuntu1,  "libtinfo5 (= 5.9+20140118-1ubuntu1), libc6 (>= 2.15)"
libncursesw5,   5.9+20140118-1ubuntu1,  "libtinfo5 (= 5.9+20140118-1ubuntu1), libc6 (>= 2.15)"
libnetcdfc++4,  1:4.1.3-7ubuntu2,       "libc6 (>= 2.14), libgcc1 (>= 1:4.1.1), libnetcdfc7, libstdc++6 (>= 4.4.0)"
libnetcdfc7,    1:4.1.3-7ubuntu2,       "libc6 (>= 2.14), libcurl3-gnutls (>= 7.16.2), libhdf5-7"
libnewmat10ldbl,        1.10.4-5,       "libc6 (>= 2.2.5), libgcc1 (>= 1:4.1.1), libstdc++6 (>= 4.2.1)"
libnewt0.52,    0.52.15-2ubuntu5,       "libc6 (>= 2.15), libslang2 (>= 2.2.4)"
libnifti2,      2.0.0-2~nd14.04+1,      "neurodebian-popularity-contest, libc6 (>= 2.14), zlib1g (>= 1:1.1.4)"
libnih-dbus1,   1.0.3-4ubuntu25,        "libnih1 (= 1.0.3-4ubuntu25), libc6 (>= 2.3.4), libdbus-1-3 (>= 1.2.16)"
libnih1,        1.0.3-4ubuntu25,        ""
libnuma1,       2.0.9~rc5-1ubuntu3.14.04.2,     "libc6 (>= 2.14)"
libogg0,        1.3.1-1ubuntu1, "libc6 (>= 2.14)"
libopenjpeg2,   1.3+dfsg-4.7ubuntu1,    "libc6 (>= 2.15)"
libopenmpi1.6,  1.6.5-8,        "libc6 (>= 2.15), libcr0 (>= 0.8.2), libgcc1 (>= 1:4.1.1), libhwloc5, libibverbs1 (>= 1.1.2), libltdl7 (>= 2.4.2), libstdc++6 (>= 4.1.1), libtorque2 (>= 2.4.16+dfsg)"
libopus0,       1.1-0ubuntu1,   "libc6 (>= 2.14)"
liborc-0.4-0,   1:0.4.18-1ubuntu1,      "libc6 (>= 2.14)"
libp11-kit0,    0.20.2-2ubuntu2,        "libc6 (>= 2.16), libffi6 (>= 3.0.4)"
libpam-cap,     1:2.24-0ubuntu2,        "libc6 (>= 2.4), libcap2 (>= 2.10), libpam0g (>= 0.99.7.1), libpam-runtime (>= 1.1.3-2~)"
libpam-modules, 1.1.8-1ubuntu2.2,       ""
libpam-modules-bin,     1.1.8-1ubuntu2.2,       "libaudit1 (>= 1:2.2.1), libc6 (>= 2.14), libpam0g (>= 0.99.7.1), libselinux1 (>= 1.32)"
libpam-runtime, 1.1.8-1ubuntu2.2,       "debconf (>= 0.5) | debconf-2.0, debconf (>= 1.5.19) | cdebconf, libpam-modules (>= 1.0.1-6)"
libpam0g,       1.1.8-1ubuntu2.2,       "libaudit1 (>= 1:2.2.1), libc6 (>= 2.14), debconf (>= 0.5) | debconf-2.0"
libpango-1.0-0, 1.36.3-1ubuntu1.1,      "libc6 (>= 2.14), libglib2.0-0 (>= 2.37.3), libthai0 (>= 0.1.12), fontconfig (>= 2.1.91)"
libpangocairo-1.0-0,    1.36.3-1ubuntu1.1,      "libc6 (>= 2.4), libcairo2 (>= 1.12.10), libfontconfig1 (>= 2.9.0), libfreetype6 (>= 2.2.1), libglib2.0-0 (>= 2.37.3), libpango-1.0-0 (>= 1.32.4), libpangoft2-1.0-0 (>= 1.28.1)"
libpangoft2-1.0-0,      1.36.3-1ubuntu1.1,      "libc6 (>= 2.2.5), libfontconfig1 (>= 2.9.0), libfreetype6 (>= 2.2.1), libglib2.0-0 (>= 2.37.3), libharfbuzz0b (>= 0.9.9), libpango-1.0-0 (>= 1.36.0)"
libpciaccess0,  0.13.2-1,       "libc6 (>= 2.7), zlib1g (>= 1:1.1.4)"
libpcre3,       1:8.31-2ubuntu2.3,      "libc6 (>= 2.14)"
libpixman-1-0,  0.30.2-2ubuntu1.1,      "libc6 (>= 2.14)"
libplymouth2,   0.8.8-0ubuntu17.1,      "libc6 (>= 2.14), libpng12-0 (>= 1.2.13-4)"
libpng12-0,     1.2.50-1ubuntu2.14.04.2,        "libc6 (>= 2.14), zlib1g (>= 1:1.1.4)"
libpng12-dev,   1.2.50-1ubuntu2.14.04.2,        "libpng12-0 (= 1.2.50-1ubuntu2.14.04.2), zlib1g-dev"
libpod-latex-perl,      0.61-1, "perl"
libpopt0,       1.16-8ubuntu1,  "libc6 (>= 2.14)"
libpq5, 9.3.14-0ubuntu0.14.04,  "libc6 (>= 2.14), libcomerr2 (>= 1.01), libgssapi-krb5-2 (>= 1.10+dfsg~), libkrb5-3 (>= 1.6.dfsg.2), libldap-2.4-2 (>= 2.4.7), libssl1.0.0 (>= 1.0.0)"
libprocps3,     1:3.3.9-1ubuntu2.2,     "libc6 (>= 2.14)"
libproxy1,      0.4.11-0ubuntu4,        "libc6 (>= 2.14), libgcc1 (>= 1:4.1.1), libstdc++6 (>= 4.4.0)"
libpython-dev,  2.7.5-5ubuntu3, "libpython2.7-dev (>= 2.7.5-1~)"
libpython-stdlib,       2.7.5-5ubuntu3, "libpython2.7-stdlib (>= 2.7.5-1~)"
libpython2.7,   2.7.6-8ubuntu0.3,       "libpython2.7-stdlib (= 2.7.6-8ubuntu0.3), libc6 (>= 2.15), zlib1g (>= 1:1.2.0)"
libpython2.7-dev,       2.7.6-8ubuntu0.3,       "libpython2.7-stdlib (= 2.7.6-8ubuntu0.3), libpython2.7 (= 2.7.6-8ubuntu0.3), libexpat1-dev"
libpython2.7-minimal,   2.7.6-8ubuntu0.3,       ""
libpython2.7-stdlib,    2.7.6-8ubuntu0.3,       "libpython2.7-minimal (= 2.7.6-8ubuntu0.3), mime-support, libbz2-1.0, libc6 (>= 2.15), libdb5.3, libexpat1 (>= 2.1~beta3), libffi6 (>= 3.0.4), libncursesw5 (>= 5.6+20070908), libreadline6 (>= 6.0), libsqlite3-0 (>= 3.5.9), libssl1.0.0 (>= 1.0.0), libtinfo5"
libpython3-stdlib,      3.4.0-0ubuntu2, "libpython3.4-stdlib (>= 3.4.0-0~)"
libpython3.4-minimal,   3.4.3-1ubuntu1~14.04.4, "libc6 (>= 2.4), libssl1.0.0 (>= 1.0.1)"
libpython3.4-stdlib,    3.4.3-1ubuntu1~14.04.4, "libpython3.4-minimal (= 3.4.3-1ubuntu1~14.04.4), mime-support, libbz2-1.0, libc6 (>= 2.15), libdb5.3, libffi6 (>= 3.0.4), liblzma5 (>= 5.1.1alpha+20120614), libncursesw5 (>= 5.6+20070908), libreadline6 (>= 6.0), libsqlite3-0 (>= 3.5.9), libtinfo5"
libqt4-dbus,    4:4.8.5+git192-g085f851+dfsg-2ubuntu4.1,        "libqtdbus4 (= 4:4.8.5+git192-g085f851+dfsg-2ubuntu4.1), qdbus (= 4:4.8.5+git192-g085f851+dfsg-2ubuntu4.1)"
libqt4-declarative,     4:4.8.5+git192-g085f851+dfsg-2ubuntu4.1,        "libc6 (>= 2.14), libgcc1 (>= 1:4.1.1), libqt4-network (= 4:4.8.5+git192-g085f851+dfsg-2ubuntu4.1), libqt4-script (= 4:4.8.5+git192-g085f851+dfsg-2ubuntu4.1), libqt4-sql (= 4:4.8.5+git192-g085f851+dfsg-2ubuntu4.1), libqt4-xmlpatterns (= 4:4.8.5+git192-g085f851+dfsg-2ubuntu4.1), libqtcore4 (= 4:4.8.5+git192-g085f851+dfsg-2ubuntu4.1), libqtgui4 (= 4:4.8.5+git192-g085f851+dfsg-2ubuntu4.1), libstdc++6 (>= 4.1.1)"
libqt4-designer,        4:4.8.5+git192-g085f851+dfsg-2ubuntu4.1,        "libc6 (>= 2.14), libgcc1 (>= 1:4.1.1), libqt4-script (= 4:4.8.5+git192-g085f851+dfsg-2ubuntu4.1), libqt4-xml (= 4:4.8.5+git192-g085f851+dfsg-2ubuntu4.1), libqtcore4 (= 4:4.8.5+git192-g085f851+dfsg-2ubuntu4.1), libqtgui4 (= 4:4.8.5+git192-g085f851+dfsg-2ubuntu4.1), libstdc++6 (>= 4.1.1)"
libqt4-network, 4:4.8.5+git192-g085f851+dfsg-2ubuntu4.1,        "libc6 (>= 2.15), libgcc1 (>= 1:4.1.1), libqtcore4 (= 4:4.8.5+git192-g085f851+dfsg-2ubuntu4.1), libqtdbus4 (= 4:4.8.5+git192-g085f851+dfsg-2ubuntu4.1), libstdc++6 (>= 4.1.1), zlib1g (>= 1:1.1.4)"
libqt4-qt3support,      4:4.8.5+git192-g085f851+dfsg-2ubuntu4.1,        "libc6 (>= 2.15), libgcc1 (>= 1:4.1.1), libqt4-designer (= 4:4.8.5+git192-g085f851+dfsg-2ubuntu4.1), libqt4-network (= 4:4.8.5+git192-g085f851+dfsg-2ubuntu4.1), libqt4-sql (= 4:4.8.5+git192-g085f851+dfsg-2ubuntu4.1), libqt4-xml (= 4:4.8.5+git192-g085f851+dfsg-2ubuntu4.1), libqtcore4 (= 4:4.8.5+git192-g085f851+dfsg-2ubuntu4.1), libqtgui4 (= 4:4.8.5+git192-g085f851+dfsg-2ubuntu4.1), libstdc++6 (>= 4.1.1)"
libqt4-script,  4:4.8.5+git192-g085f851+dfsg-2ubuntu4.1,        "libc6 (>= 2.14), libgcc1 (>= 1:4.1.1), libqtcore4 (= 4:4.8.5+git192-g085f851+dfsg-2ubuntu4.1), libqtdbus4 (= 4:4.8.5+git192-g085f851+dfsg-2ubuntu4.1), libstdc++6 (>= 4.1.1)"
libqt4-sql,     4:4.8.5+git192-g085f851+dfsg-2ubuntu4.1,        "libc6 (>= 2.14), libgcc1 (>= 1:4.1.1), libqtcore4 (= 4:4.8.5+git192-g085f851+dfsg-2ubuntu4.1), libstdc++6 (>= 4.1.1)"
libqt4-sql-mysql,       4:4.8.5+git192-g085f851+dfsg-2ubuntu4.1,        "libc6 (>= 2.14), libgcc1 (>= 1:4.1.1), libmysqlclient18 (>= 5.5.24+dfsg-1), libqt4-sql (= 4:4.8.5+git192-g085f851+dfsg-2ubuntu4.1), libqtcore4 (= 4:4.8.5+git192-g085f851+dfsg-2ubuntu4.1), libstdc++6 (>= 4.1.1)"
libqt4-svg,     4:4.8.5+git192-g085f851+dfsg-2ubuntu4.1,        "libc6 (>= 2.14), libgcc1 (>= 1:4.1.1), libqtcore4 (= 4:4.8.5+git192-g085f851+dfsg-2ubuntu4.1), libqtgui4 (= 4:4.8.5+git192-g085f851+dfsg-2ubuntu4.1), libstdc++6 (>= 4.1.1), zlib1g (>= 1:1.1.4)"
libqt4-xml,     4:4.8.5+git192-g085f851+dfsg-2ubuntu4.1,        "libc6 (>= 2.14), libgcc1 (>= 1:4.1.1), libqtcore4 (= 4:4.8.5+git192-g085f851+dfsg-2ubuntu4.1), libstdc++6 (>= 4.1.1)"
libqt4-xmlpatterns,     4:4.8.5+git192-g085f851+dfsg-2ubuntu4.1,        "libc6 (>= 2.14), libgcc1 (>= 1:4.1.1), libqt4-network (= 4:4.8.5+git192-g085f851+dfsg-2ubuntu4.1), libqtcore4 (= 4:4.8.5+git192-g085f851+dfsg-2ubuntu4.1), libstdc++6 (>= 4.1.1)"
libqtcore4,     4:4.8.5+git192-g085f851+dfsg-2ubuntu4.1,        "qtcore4-l10n, libc6 (>= 2.15), libgcc1 (>= 1:4.1.1), libglib2.0-0 (>= 2.22.0), libstdc++6 (>= 4.6), zlib1g (>= 1:1.1.4)"
libqtdbus4,     4:4.8.5+git192-g085f851+dfsg-2ubuntu4.1,        "libc6 (>= 2.14), libdbus-1-3 (>= 1.3.1), libgcc1 (>= 1:4.1.1), libqt4-xml (= 4:4.8.5+git192-g085f851+dfsg-2ubuntu4.1), libqtcore4 (= 4:4.8.5+git192-g085f851+dfsg-2ubuntu4.1), libstdc++6 (>= 4.1.1)"
libqtgui4,      4:4.8.5+git192-g085f851+dfsg-2ubuntu4.1,        "fontconfig, libaudio2, libc6 (>= 2.15), libfontconfig1 (>= 2.9.0), libfreetype6 (>= 2.3.5), libgcc1 (>= 1:4.1.1), libglib2.0-0 (>= 2.12.0), libice6 (>= 1:1.0.0), libjpeg8 (>= 8c), libpng12-0 (>= 1.2.13-4), libqt4-declarative (= 4:4.8.5+git192-g085f851+dfsg-2ubuntu4.1), libqtcore4 (= 4:4.8.5+git192-g085f851+dfsg-2ubuntu4.1), libsm6, libstdc++6 (>= 4.1.1), libtiff5 (>= 4.0.3), libx11-6 (>= 2:1.2.99.901), libxext6, libxi6 (>= 2:1.2.99.4), libxrender1, zlib1g (>= 1:1.1.4)"
libquadmath0,   4.8.4-2ubuntu1~14.04.3, "gcc-4.8-base (= 4.8.4-2ubuntu1~14.04.3), libc6 (>= 2.14)"
libqwt5-qt4,    5.2.3-1,        "libc6 (>= 2.14), libgcc1 (>= 1:4.1.1), libqt4-svg (>= 4:4.8.0~), libqtcore4 (>= 4:4.8.0~), libqtgui4 (>= 4:4.8.0~), libstdc++6 (>= 4.1.1)"
libraw1394-11,  2.1.0-1ubuntu1, "libc6 (>= 2.14)"
libreadline6,   6.3-4ubuntu2,   "readline-common, libc6 (>= 2.15), libtinfo5"
libroken18-heimdal,     1.6~git20131207+dfsg-1ubuntu1.1,        "libc6 (>= 2.15)"
librtmp0,       2.4+20121230.gitdf6c518-1,      "libc6 (>= 2.14), libgcrypt11 (>= 1.4.5), libgnutls26 (>= 2.12.17-0), zlib1g (>= 1:1.1.4)"
libsamplerate0, 0.1.8-7,        "libc6 (>= 2.14)"
libsasl2-2,     2.1.25.dfsg1-17build1,  "libc6 (>= 2.15), libsasl2-modules-db (>= 2.1.25.dfsg1-17build1)"
libsasl2-modules,       2.1.25.dfsg1-17build1,  "libc6 (>= 2.14), libssl1.0.0 (>= 1.0.0)"
libsasl2-modules-db,    2.1.25.dfsg1-17build1,  "libc6 (>= 2.14), libdb5.3"
libschroedinger-1.0-0,  1.0.11-2ubuntu1,        "libc6 (>= 2.14), liborc-0.4-0 (>= 1:0.4.18)"
libsecret-1-0,  0.16-0ubuntu1,  "libc6 (>= 2.14), libgcrypt11 (>= 1.5.1), libglib2.0-0 (>= 2.37.3), libsecret-common"
libsecret-common,       0.16-0ubuntu1,  ""
libselinux1,    2.2.2-1ubuntu0.1,       "libc6 (>= 2.14), libpcre3"
libsemanage-common,     2.2-1,  ""
libsemanage1,   2.2-1,  "libsemanage-common (= 2.2-1), libaudit1 (>= 1:2.2.1), libbz2-1.0, libc6 (>= 2.14), libselinux1 (>= 2.1.12), libsepol1 (>= 2.1.4), libustr-1.0-1 (>= 1.0.4)"
libsepol1,      2.2-1ubuntu0.1, "libc6 (>= 2.14)"
libshout3,      2.3.1-3,        "libc6 (>= 2.15), libogg0 (>= 1.0rc3), libspeex1 (>= 1.2~beta3-1), libtheora0 (>= 0.0.0.alpha7.dfsg), libvorbis0a (>= 1.1.2)"
libslang2,      2.2.4-15ubuntu1,        "libc6 (>= 2.14)"
libsm6, 2:1.2.1-2,      "libc6 (>= 2.14), libice6 (>= 1:1.0.0), libuuid1 (>= 2.16)"
libsoup2.4-1,   2.44.2-1ubuntu2.1,      "libc6 (>= 2.14), libglib2.0-0 (>= 2.37.3), libsqlite3-0 (>= 3.5.9), libxml2 (>= 2.7.4), glib-networking (>= 2.32.0)"
libspeex1,      1.2~rc1.1-1ubuntu1,     "libc6 (>= 2.14)"
libsqlite3-0,   3.8.2-1ubuntu2.1,       "libc6 (>= 2.14)"
libss2, 1.42.9-3ubuntu1.3,      "libcomerr2, libc6 (>= 2.17)"
libssl1.0.0,    1.0.1f-1ubuntu2.21,     "libc6 (>= 2.14), debconf (>= 0.5) | debconf-2.0"
libstdc++-4.8-dev,      4.8.4-2ubuntu1~14.04.3, "gcc-4.8-base (= 4.8.4-2ubuntu1~14.04.3), libgcc-4.8-dev (= 4.8.4-2ubuntu1~14.04.3), libstdc++6 (>= 4.8.4-2ubuntu1~14.04.3), libc6-dev (>= 2.13-0ubuntu6)"
libstdc++6,     4.8.4-2ubuntu1~14.04.3, "gcc-4.8-base (= 4.8.4-2ubuntu1~14.04.3), libc6 (>= 2.18), libgcc1 (>= 1:4.1.1)"
libswscale2,    6:9.18-0ubuntu0.14.04.1,        "libavutil52 (>= 6:9.1-1), libc6 (>= 2.14)"
libtag1-vanilla,        1.9.1-2,        "libc6 (>= 2.14), libgcc1 (>= 1:4.1.1), libstdc++6 (>= 4.6), zlib1g (>= 1:1.1.4)"
libtag1c2a,     1.9.1-2,        "libtag1-vanilla (= 1.9.1-2)"
libtasn1-6,     3.4-3ubuntu0.4, "libc6 (>= 2.14)"
libtcl8.6,      8.6.1-4ubuntu1, "tzdata, libc6 (>= 2.15), zlib1g (>= 1:1.2.2)"
libterm-ui-perl,        0.42-1, "perl, liblog-message-simple-perl | perl (<< 5.17)"
libtext-charwidth-perl, 0.04-7build3,   "libc6 (>= 2.2.5), perl-base (>= 5.18.1-4), perlapi-5.18.1"
libtext-iconv-perl,     1.7-5build2,    "libc6 (>= 2.2.5), perl-base (>= 5.18.1-4), perlapi-5.18.1"
libtext-soundex-perl,   3.4-1build1,    "perl (>= 5.18.1-4), perlapi-5.18.1, libc6 (>= 2.3)"
libtext-wrapi18n-perl,  0.06-7, "libtext-charwidth-perl"
libthai-data,   0.1.20-3,       ""
libthai0,       0.1.20-3,       "libthai-data (>= 0.1.10), libc6 (>= 2.14), libdatrie1 (>= 0.2.0)"
libtheora0,     1.1.1+dfsg.1-3.2,       "libc6 (>= 2.14), libogg0 (>= 1.1.0)"
libtiff5,       4.0.3-7ubuntu0.4,       "libc6 (>= 2.14), libjbig0 (>= 2.0), libjpeg8 (>= 8c), liblzma5 (>= 5.1.1alpha+20120614), zlib1g (>= 1:1.1.4)"
libtinfo5,      5.9+20140118-1ubuntu1,  "libc6 (>= 2.15)"
libtk8.6,       8.6.1-3ubuntu2, "libtcl8.6 (>= 8.6.0-2), libc6 (>= 2.14), libfontconfig1 (>= 2.9.0), libx11-6, libxft2 (>> 2.1.1), libxss1"
libtorque2,     2.4.16+dfsg-1.3ubuntu1, "libc6 (>= 2.15)"
libtsan0,       4.8.4-2ubuntu1~14.04.3, "gcc-4.8-base (= 4.8.4-2ubuntu1~14.04.3), libc6 (>= 2.4), libgcc1 (>= 1:4.1.1)"
libtxc-dxtn-s2tc0,      0~git20131104-1.1,      "libc6 (>= 2.3.4), libstdc++6 (>= 4.1.1)"
libudev1,       204-5ubuntu20.19,       "libc6 (>= 2.17), libcgmanager0, libdbus-1-3 (>= 1.0.2), libnih-dbus1 (>= 1.0.0), libnih1 (>= 1.0.0)"
libumfpack5.6.2,        1:4.2.1-3ubuntu1,       "libamd2.3.1, libblas3 | libblas.so.3, libc6 (>= 2.2.5), libcholmod2.1.2"
libusb-0.1-4,   2:0.1.12-23.3ubuntu1,   "libc6 (>= 2.15)"
libustr-1.0-1,  1.0.4-3ubuntu2, "libc6 (>= 2.14)"
libutempter0,   1.1.5-4build1,  "libc6 (>= 2.4), adduser"
libuuid1,       2.20.1-5.1ubuntu20.7,   "passwd, libc6 (>= 2.4)"
libv4l-0,       1.0.1-1,        "libv4lconvert0 (= 1.0.1-1), libc6 (>= 2.4)"
libv4lconvert0, 1.0.1-1,        "libc6 (>= 2.14), libjpeg8 (>= 8c)"
libva1, 1.3.0-2,        "libc6 (>= 2.14)"
libvisual-0.4-0,        0.4.0-5,        "libc6 (>= 2.4)"
libvisual-0.4-plugins,  0.4.0.dfsg.1-7build1,   "libasound2 (>= 1.0.16), libc6 (>= 2.4), libgcc1 (>= 1:4.1.1), libgl1-mesa-glx | libgl1, libglu1-mesa | libglu1, libstdc++6 (>= 4.1.1), libvisual-0.4-0 (>= 0.4.0-4)"
libvorbis0a,    1.3.2-1.3ubuntu1,       "libc6 (>= 2.15), libogg0 (>= 1.1.0)"
libvorbisenc2,  1.3.2-1.3ubuntu1,       "libc6 (>= 2.2.5), libvorbis0a (= 1.3.2-1.3ubuntu1)"
libvpx1,        1.3.0-2,        "libc6 (>= 2.14)"
libvtk5.8,      5.8.0-14.1ubuntu3,      "libavcodec54 (>= 6:9.1-1) | libavcodec-extra-54 (>= 6:9.11), libavformat54 (>= 6:9.1-1), libavutil52 (>= 6:9.1-1), libc6 (>= 2.15), libexpat1 (>= 2.0.1), libfreetype6 (>= 2.2.1), libgcc1 (>= 1:4.1.1), libgl1-mesa-glx | libgl1, libgl2ps0, libjpeg8 (>= 8c), libmysqlclient18 (>= 5.5.24+dfsg-1), libnetcdfc++4, libnetcdfc7, libopenmpi1.6, libpng12-0 (>= 1.2.13-4), libpq5, libqtcore4 (>= 4:4.6.1), libqtgui4 (>= 4:4.5.3), libsqlite3-0 (>= 3.5.9), libstdc++6 (>= 4.6), libswscale2 (>= 6:9.1-1), libtiff5 (>= 4.0.3), libx11-6, libxml2 (>= 2.7.4), libxt6, zlib1g (>= 1:1.2.3.3)"
libvtk5.8-qt4,  5.8.0-14.1ubuntu3,      "libc6 (>= 2.14), libgcc1 (>= 1:4.1.1), libqt4-sql (>= 4:4.5.3), libqtcore4 (>= 4:4.7.0~beta1), libqtgui4 (>= 4:4.8.0), libstdc++6 (>= 4.4.0), libvtk5.8"
libwavpack1,    4.70.0-1,       "libc6 (>= 2.14)"
libwebkitgtk-1.0-0,     2.4.10-0ubuntu0.14.04.1,        "libjavascriptcoregtk-1.0-0 (= 2.4.10-0ubuntu0.14.04.1), libatk1.0-0 (>= 2.7.91), libc6 (>= 2.14), libcairo2 (>= 1.13.0~20140204), libenchant1c2a (>= 1.6.0), libfontconfig1 (>= 2.9.0), libfreetype6 (>= 2.2.1), libgcc1 (>= 1:4.1.1), libgdk-pixbuf2.0-0 (>= 2.22.0), libgeoclue0 (>= 0.11.1+git20091217), libgl1-mesa-glx | libgl1, libglib2.0-0 (>= 2.37.3), libgstreamer-plugins-base1.0-0 (>= 1.2.0), libgstreamer1.0-0 (>= 1.2.0), libgtk2.0-0 (>= 2.24.10), libharfbuzz-icu0 (>= 0.9.18), libharfbuzz0b (>= 0.9.18), libicu52 (>= 52~m1-1~), libjpeg8 (>= 8c), libpango-1.0-0 (>= 1.30.0), libpng12-0 (>= 1.2.13-4), libsecret-1-0 (>= 0.7), libsoup2.4-1 (>= 2.44.0), libsqlite3-0 (>= 3.5.9), libstdc++6 (>= 4.8.1), libwebp5, libx11-6, libxcomposite1 (>= 1:0.3-1), libxdamage1 (>= 1:1.1), libxml2 (>= 2.7.4), libxrender1, libxslt1.1 (>= 1.1.25), libxt6, zlib1g (>= 1:1.2.0), libwebkitgtk-1.0-common (>= 2.4.10)"
libwebkitgtk-1.0-common,        2.4.10-0ubuntu0.14.04.1,        ""
libwebp5,       0.4.0-4,        "libc6 (>= 2.14)"
libwebpmux1,    0.4.0-4,        "libc6 (>= 2.14), libwebp5"
libwind0-heimdal,       1.6~git20131207+dfsg-1ubuntu1.1,        "libc6 (>= 2.14), libcomerr2 (>= 1.01), libroken18-heimdal (>= 1.4.0+git20110226)"
libx11-6,       2:1.6.2-1ubuntu2,       "libc6 (>= 2.15), libxcb1 (>= 1.2), libx11-data"
libx11-data,    2:1.6.2-1ubuntu2,       ""
libx11-xcb1,    2:1.6.2-1ubuntu2,       "libc6 (>= 2.2.5)"
libx264-142,    2:0.142.2389+git956c8d8-2,      "libc6 (>= 2.15)"
libxau6,        1:1.0.8-1,      "libc6 (>= 2.4)"
libxaw7,        2:1.0.12-1,     "libc6 (>= 2.15), libx11-6, libxext6, libxmu6, libxpm4, libxt6"
libxcb-dri2-0,  1.10-2ubuntu1,  "libc6 (>= 2.2.5), libxcb1"
libxcb-dri3-0,  1.10-2ubuntu1,  "libc6 (>= 2.2.5), libxcb1 (>= 1.9.2)"
libxcb-glx0,    1.10-2ubuntu1,  "libc6 (>= 2.2.5), libxcb1"
libxcb-present0,        1.10-2ubuntu1,  "libc6 (>= 2.4), libxcb1"
libxcb-render0, 1.10-2ubuntu1,  "libc6 (>= 2.2.5), libxcb1 (>= 1.8)"
libxcb-shape0,  1.10-2ubuntu1,  "libc6 (>= 2.2.5), libxcb1"
libxcb-shm0,    1.10-2ubuntu1,  "libc6 (>= 2.2.5), libxcb1 (>= 1.9.2)"
libxcb-sync1,   1.10-2ubuntu1,  "libc6 (>= 2.14), libxcb1"
libxcb1,        1.10-2ubuntu1,  "libc6 (>= 2.14), libxau6, libxdmcp6"
libxcomposite1, 1:0.4.4-1,      "libc6 (>= 2.2.5), libx11-6 (>= 2:1.4.99.1)"
libxcursor1,    1:1.1.14-1,     "libc6 (>= 2.14), libx11-6 (>= 2:1.4.99.1), libxfixes3, libxrender1"
libxdamage1,    1:1.1.4-1ubuntu1,       "libc6 (>= 2.2.5), libx11-6 (>= 2:1.4.99.1)"
libxdmcp6,      1:1.1.1-1,      "libc6 (>= 2.4)"
libxext6,       2:1.3.2-1ubuntu0.0.14.04.1,     "libc6 (>= 2.14), libx11-6 (>= 2:1.6.0)"
libxfixes3,     1:5.0.1-1ubuntu1.1,     "libc6 (>= 2.14), libx11-6 (>= 2:1.6.0)"
libxft2,        2.3.1-2,        "libc6 (>= 2.14), libfontconfig1 (>= 2.9.0), libfreetype6 (>= 2.3.5), libx11-6, libxrender1"
libxi6, 2:1.7.1.901-1ubuntu1.1, "libc6 (>= 2.14), libx11-6 (>= 2:1.6.0), libxext6"
libxinerama1,   2:1.1.3-1,      "libc6 (>= 2.2.5), libx11-6 (>= 2:1.4.99.1), libxext6"
libxml2,        2.9.1+dfsg1-3ubuntu4.8, "libc6 (>= 2.15), liblzma5 (>= 5.1.1alpha+20120614), zlib1g (>= 1:1.2.3.3)"
libxmu6,        2:1.1.1-1,      "libc6 (>= 2.14), libx11-6, libxext6, libxt6"
libxmuu1,       2:1.1.1-1,      "libc6 (>= 2.4), libx11-6"
libxpm4,        1:3.5.10-1,     "libc6 (>= 2.14), libx11-6"
libxrandr2,     2:1.5.0-1~trusty1,      "libc6 (>= 2.14), libx11-6 (>= 2:1.6.0), libxext6, libxrender1"
libxrender1,    1:0.9.8-1build0.14.04.1,        "libc6 (>= 2.14), libx11-6 (>= 2:1.6.0)"
libxshmfence1,  1.1-2,  "libc6 (>= 2.4)"
libxslt1.1,     1.1.28-2build1, "libc6 (>= 2.17), libgcrypt11 (>= 1.4.5), libxml2 (>= 2.9.0)"
libxss1,        1:1.2.2-1,      "libc6 (>= 2.2.5), libx11-6 (>= 2:1.4.99.1), libxext6, x11-common"
libxt6, 1:1.1.4-1,      "libc6 (>= 2.14), libice6 (>= 1:1.0.0), libsm6, libx11-6"
libxtst6,       2:1.2.2-1,      "libc6 (>= 2.4), libx11-6 (>= 2:1.4.99.1), libxext6, x11-common"
libxv1, 2:1.0.10-1,     "libc6 (>= 2.14), libx11-6 (>= 2:1.6.0), libxext6"
libxvidcore4,   2:1.3.2-9ubuntu1,       "libc6 (>= 2.15)"
libxxf86dga1,   2:1.1.4-1,      "libc6 (>= 2.3.4), libx11-6 (>= 2:1.4.99.1), libxext6"
libxxf86vm1,    1:1.1.3-1,      "libc6 (>= 2.2.5), libx11-6 (>= 2:1.4.99.1), libxext6"
linux-libc-dev, 3.13.0-110.157, ""
locales,        2.13+git20120306-12.1,  "libc6 (>= 2.9-0ubuntu10) | libc6.1 (>= 2.9-0ubuntu10)"
lockfile-progs, 0.1.17, "libc6 (>= 2.8), liblockfile1 (>= 1.0)"
login,  1:4.1.5.1-1ubuntu9.2,   ""
logrotate,      3.8.7-1ubuntu1, "libacl1 (>= 2.2.51-8), libc6 (>= 2.14), libpopt0 (>= 1.14), libselinux1 (>= 1.32), cron | anacron | cron-daemon, base-passwd (>= 2.0.3.4)"
lsb-base,       4.1+Debian11ubuntu6.2,  ""
lsb-release,    4.1+Debian11ubuntu6.2,  "python3, python3:any (>= 3.3.2-2~)"
makedev,        2.3.1-93ubuntu1,        "base-passwd (>= 3.0.4)"
manpages,       3.54-1ubuntu1,  ""
manpages-dev,   3.54-1ubuntu1,  "manpages"
mawk,   1.3.3-17ubuntu2,        ""
mime-support,   3.54ubuntu1.1,  ""
module-init-tools,      15-0ubuntu6,    "libkmod2, kmod"
mount,  2.20.1-5.1ubuntu20.7,   ""
mountall,       2.53,   "makedev, udev, plymouth, coreutils (>= 7.1), libc6 (>= 2.9), libdbus-1-3 (>= 1.2.16), libnih-dbus1 (>= 1.0.0), libnih1 (>= 1.0.0), libplymouth2 (>= 0.8.1-3), libudev1 (>= 183)"
multiarch-support,      2.19-0ubuntu6.9,        "libc6 (>= 2.3.6-2)"
mysql-common,   5.5.53-0ubuntu0.14.04.1,        ""
ncurses-base,   5.9+20140118-1ubuntu1,  ""
ncurses-bin,    5.9+20140118-1ubuntu1,  ""
net-tools,      1.60-25ubuntu2.1,       "libc6 (>= 2.14)"
netbase,        5.2,    "lsb-base (>= 3.0-6)"
netcat-openbsd, 1.105-7ubuntu1, "libbsd0 (>= 0.2.0), libc6 (>= 2.16)"
neurodebian-popularity-contest, 0.37.5~nd14.04+1,       "popularity-contest"
nodejs, 4.6.1-1nodesource1~trusty1,     "libc6 (>= 2.15), libgcc1 (>= 1:4.1.1), libstdc++6 (>= 4.6), rlwrap"
ntpdate,        1:4.2.6.p5+dfsg-3ubuntu2.14.04.10,      "netbase, libc6 (>= 2.17), libssl1.0.0 (>= 1.0.1d)"
ocl-icd-libopencl1,     2.1.3-4,        "libc6 (>= 2.14)"
openssl,        1.0.1f-1ubuntu2.21,     "libc6 (>= 2.15), libssl1.0.0 (>= 1.0.1)"
passwd, 1:4.1.5.1-1ubuntu9.2,   "libaudit1 (>= 1:2.2.1), libc6 (>= 2.14), libpam0g (>= 0.99.7.1), libselinux1 (>= 1.32), libsemanage1 (>= 2.0.3), libpam-modules, debianutils (>= 2.15.2)"
perl,   5.18.2-2ubuntu1.1,      "perl-base (= 5.18.2-2ubuntu1.1), perl-modules (>= 5.18.2-2ubuntu1.1), libbz2-1.0, libc6 (>= 2.14), libdb5.3, libgdbm3 (>= 1.8.3), zlib1g (>= 1:1.2.2.3)"
perl-base,      5.18.2-2ubuntu1.1,      ""
perl-modules,   5.18.2-2ubuntu1.1,      "perl (>= 5.18.2-1)"
pkg-config,     0.26-1ubuntu4,  "libc6 (>= 2.14), libglib2.0-0 (>= 2.16.0), libpopt0 (>= 1.14)"
plymouth,       0.8.8-0ubuntu17.1,      "initramfs-tools, libplymouth2 (= 0.8.8-0ubuntu17.1), mountall (>= 2.0), upstart (>= 1.11-0ubuntu3), udev (>= 166-0ubuntu4), sysv-rc (>= 2.88dsf-24) | file-rc (>= 0.8.16), libc6 (>= 2.14), libdbus-1-3 (>= 1.1.1), libdrm2 (>= 2.4.25), libtinfo5"
popularity-contest,     1.57ubuntu1,    "debconf (>= 0.5) | debconf-2.0, dpkg (>= 1.10)"
procps, 1:3.3.9-1ubuntu2.2,     "libc6 (>= 2.15), libncurses5 (>= 5.5-5~), libncursesw5 (>= 5.6+20070908), libprocps3, libtinfo5, sysv-rc (>= 2.88dsf-24) | file-rc (>= 0.8.16), lsb-base (>= 3.0-10), initscripts"
python, 2.7.5-5ubuntu3, "python2.7 (>= 2.7.5-1~), python-minimal (= 2.7.5-5ubuntu3), libpython-stdlib (= 2.7.5-5ubuntu3)"
python-cairo,   1.8.8-1ubuntu5, "libc6 (>= 2.14), libcairo2 (>= 1.8.6), python (>= 2.7), python (<< 2.8), python:any (>= 2.7.1-0ubuntu2)"
python-dateutil,        1.5+dfsg-1ubuntu1,      "python (>= 2.7), python (<< 2.8), python:any (>= 2.7.1-0ubuntu2), tzdata"
python-decorator,       3.4.0-2build1,  "python (>= 2.7), python (<< 2.8), python:any (>= 2.7.1-0ubuntu2)"
python-dev,     2.7.5-5ubuntu3, "python (= 2.7.5-5ubuntu3), libpython-dev (= 2.7.5-5ubuntu3), python2.7-dev (>= 2.7.5-1~)"
python-glade2,  2.24.0-3ubuntu3,        "python (>= 2.7), python (<< 2.8), libc6 (>= 2.2.5), libglade2-0 (>= 1:2.6.4-2~), libglib2.0-0 (>= 2.12.0), libgtk2.0-0 (>= 2.18.0), python-gtk2 (= 2.24.0-3ubuntu3)"
python-gobject-2,       2.28.6-12build1,        "python (>= 2.7), python (<< 2.8), python:any (>= 2.7.1-0ubuntu2), libc6 (>= 2.14), libffi6 (>= 3.0.4), libglib2.0-0 (>= 2.26.0)"
python-gtk2,    2.24.0-3ubuntu3,        "python (>= 2.7), python (<< 2.8), python:any (>= 2.7.1-0ubuntu2), libatk1.0-0 (>= 1.12.4), libc6 (>= 2.14), libcairo2 (>= 1.2.4), libgdk-pixbuf2.0-0 (>= 2.22.0), libglib2.0-0 (>= 2.24.0), libgtk2.0-0 (>= 2.24.0), libpango-1.0-0 (>= 1.22.0), libpangocairo-1.0-0 (>= 1.21.4), python-cairo (>= 1.0.2-1.1), python-gobject-2 (>= 2.21.3)"
python-imaging, 2.3.0-1ubuntu3.3,       "python (>= 2.7), python (<< 2.8), python:any (>= 2.7.1-0ubuntu2), python-pil"
python-matplotlib,      1.3.1-1ubuntu5, "python-dateutil, python-matplotlib-data (>= 1.3.1-1ubuntu5), python-pyparsing, python-tz, python (<< 2.8), python (>= 2.7), python-numpy (>= 1:1.8.0), python-numpy-abi9, python-support (>= 0.90.0), libc6 (>= 2.14), libfreetype6 (>= 2.2.1), libgcc1 (>= 1:4.1.1), libgdk-pixbuf2.0-0 (>= 2.22.0), libglib2.0-0 (>= 2.12.0), libgtk2.0-0 (>= 2.8.0), libpng12-0 (>= 1.2.13-4), libstdc++6 (>= 4.6), libtcl8.6 (>= 8.6.0), libtk8.6 (>= 8.6.0)"
python-matplotlib-data, 1.3.1-1ubuntu5, "fonts-lyx"
python-minimal, 2.7.5-5ubuntu3, "python2.7-minimal (>= 2.7.5-1~), dpkg (>= 1.13.20)"
python-nose,    1.3.1-2,        "python-pkg-resources, python (>= 2.7), python (<< 2.8), python:any (>= 2.7.1-0ubuntu2), python2.7:any"
python-numpy,   1:1.8.2-0ubuntu0.1,     "python (>= 2.7), python (<< 2.8), python:any (>= 2.7.1-0ubuntu2), python2.7:any, libblas3 | libblas.so.3, libc6 (>= 2.14), liblapack3 | liblapack.so.3"
python-pil,     2.3.0-1ubuntu3.3,       "python (>= 2.7), python (<< 2.8), python:any (>= 2.7.1-0ubuntu2), mime-support | python-pil.imagetk, libc6 (>= 2.14), libfreetype6 (>= 2.2.1), libjpeg8 (>= 8c), liblcms2-2 (>= 2.2+git20110628), libtiff5 (>= 4.0.3), libwebp5, libwebpmux1, zlib1g (>= 1:1.1.4)"
python-pkg-resources,   3.3-1ubuntu2,   "python:any (>= 2.7), python:any (<< 2.8)"
python-pyparsing,       2.0.1+dfsg1-1build1,    "python (>= 2.7), python (<< 2.8), python:any (>= 2.7.1-0ubuntu2)"
python-scipy,   0.13.3-1build1, "python-decorator, python-six (>= 1.3.0), python-numpy (>= 1:1.8.0), python-numpy-abi9, python (>= 2.7), python (<< 2.8), python:any (>= 2.7.1-0ubuntu2), libblas3 | libblas.so.3, libc6 (>= 2.14), libgcc1 (>= 1:4.1.1), libgfortran3 (>= 4.6), liblapack3 | liblapack.so.3, libstdc++6 (>= 4.1.1), libumfpack5.6.2"
python-setuptools,      3.3-1ubuntu2,   "python:any (>= 2.7), python:any (<< 2.8), python-pkg-resources (= 3.3-1ubuntu2)"
python-six,     1.9.0-3~bpo8+1~nd14.04+1,       "neurodebian-popularity-contest, python:any (>= 2.7.5-5~), python:any (<< 2.8)"
python-support, 1.0.15, "python (>= 2.5), python-minimal, dpkg (>= 1.14.19)"
python-tk,      2.7.5-1ubuntu1, "python (>= 2.7), python (<< 2.8), libc6 (>= 2.4), libtcl8.6 (>= 8.6.0), libtk8.6 (>= 8.6.0)"
python-tz,      2012c-1ubuntu0.1,       "tzdata, python (>= 2.7), python (<< 2.8), python:any (>= 2.7.1-0ubuntu2)"
python-vtk,     5.8.0-14.1ubuntu3,      "python (<< 2.8), python (>= 2.7), python-support (>= 0.90.0), libc6 (>= 2.14), libgcc1 (>= 1:4.1.1), libopenmpi1.6, libpython2.7 (>= 2.7), libstdc++6 (>= 4.2.1), libtcl8.6 (>= 8.6.0), libtk8.6 (>= 8.6.0), libvtk5.8, libx11-6, tcl-vtk"
python2.7,      2.7.6-8ubuntu0.3,       "python2.7-minimal (= 2.7.6-8ubuntu0.3), libpython2.7-stdlib (= 2.7.6-8ubuntu0.3), mime-support"
python2.7-dev,  2.7.6-8ubuntu0.3,       "python2.7 (= 2.7.6-8ubuntu0.3), libpython2.7-dev (= 2.7.6-8ubuntu0.3), libpython2.7 (= 2.7.6-8ubuntu0.3), libexpat1-dev"
python2.7-minimal,      2.7.6-8ubuntu0.3,       "libpython2.7-minimal (= 2.7.6-8ubuntu0.3), zlib1g (>= 1:1.2.0)"
python3,        3.4.0-0ubuntu2, "python3.4 (>= 3.4.0-0~), python3-minimal (= 3.4.0-0ubuntu2), libpython3-stdlib (= 3.4.0-0ubuntu2), dh-python"
python3-minimal,        3.4.0-0ubuntu2, "python3.4-minimal (>= 3.4.0-0~), dpkg (>= 1.13.20)"
python3.4,      3.4.3-1ubuntu1~14.04.4, "python3.4-minimal (= 3.4.3-1ubuntu1~14.04.4), libpython3.4-stdlib (= 3.4.3-1ubuntu1~14.04.4), mime-support"
python3.4-minimal,      3.4.3-1ubuntu1~14.04.4, "libpython3.4-minimal (= 3.4.3-1ubuntu1~14.04.4), libexpat1 (>= 2.1~beta3), zlib1g (>= 1:1.2.0)"
qdbus,  4:4.8.5+git192-g085f851+dfsg-2ubuntu4.1,        "qtchooser, libc6 (>= 2.14), libgcc1 (>= 1:4.1.1), libqt4-xml (= 4:4.8.5+git192-g085f851+dfsg-2ubuntu4.1), libqtcore4 (= 4:4.8.5+git192-g085f851+dfsg-2ubuntu4.1), libqtdbus4 (= 4:4.8.5+git192-g085f851+dfsg-2ubuntu4.1), libstdc++6 (>= 4.1.1)"
qt-assistant-compat,    4.6.3-6,        "libc6 (>= 2.14), libgcc1 (>= 1:4.1.1), libqt4-dbus (>= 4:4.8.1), libqt4-network (>= 4:4.8.1), libqt4-xml (>= 4:4.8.1), libqtcore4 (>= 4:4.8.1), libqtgui4 (>= 4:4.8.1), libstdc++6 (>= 4.1.1)"
qtchooser,      39-g4717841-3,  "libc6 (>= 2.4), libgcc1 (>= 1:4.1.1), libstdc++6 (>= 4.1.1)"
qtcore4-l10n,   4:4.8.5+git192-g085f851+dfsg-2ubuntu4.1,        ""
readline-common,        6.3-4ubuntu2,   "dpkg (>= 1.15.4) | install-info"
resolvconf,     1.69ubuntu1.1,  "lsb-base, debconf (>= 0.5) | debconf-2.0, sysv-rc (>= 2.88dsf-24) | file-rc (>= 0.8.16)"
rlwrap, 0.37-5, "libc6 (>= 2.15), libreadline6 (>= 6.0), libtinfo5"
rsyslog,        7.4.4-1ubuntu2.6,       "libc6 (>= 2.17), libestr0 (>= 0.1.4), libjson-c2 (>= 0.10), libuuid1 (>= 2.16), zlib1g (>= 1:1.1.4), init-system-helpers (>= 1.13~), sysv-rc (>= 2.88dsf-24) | file-rc (>= 0.8.16), lsb-base (>= 4.1+Debian3), initscripts (>= 2.88dsf-13.3), adduser, ucf"
sed,    4.2.2-4ubuntu1, "dpkg (>= 1.15.4) | install-info"
sensible-utils, 0.0.9,  ""
sgml-base,      1.26+nmu4ubuntu1,       ""
shared-mime-info,       1.2-0ubuntu3,   "libc6 (>= 2.14), libglib2.0-0 (>= 2.35.9), libxml2 (>= 2.7.4)"
suckless-tools, 40-1,   "libc6 (>= 2.14), libx11-6, libxft2 (>> 2.1.1), libxinerama1, libxss1"
sudo,   1.8.9p5-1ubuntu1.2,     "libc6 (>= 2.15), libpam0g (>= 0.99.7.1), libselinux1 (>= 1.32), libpam-modules"
surf,   0.4.1-8,        "libc6 (>= 2.4), libglib2.0-0 (>= 2.12.0), libgtk2.0-0 (>= 2.24.0), libjavascriptcoregtk-1.0-0 (>= 1.5.1), libsoup2.4-1 (>= 2.26.1), libwebkitgtk-1.0-0 (>= 1.3.10), libx11-6, suckless-tools, x11-utils, xterm, wget"
sysv-rc,        2.88dsf-41ubuntu6.3,    "debconf (>= 0.5) | debconf-2.0, sysvinit-utils (>= 2.86.ds1-62), insserv (>> 1.12.0-10)"
sysvinit-utils, 2.88dsf-41ubuntu6.3,    "libc6 (>= 2.15), libselinux1 (>= 1.32), sysv-rc (>= 2.88dsf-24) | file-rc (>= 0.8.16)"
tar,    1.27.1-1,       ""
tcl,    8.6.0+6ubuntu3, "tcl8.6 (>= 8.6.0-2)"
tcl-vtk,        5.8.0-14.1ubuntu3,      "libvtk5.8 (= 5.8.0-14.1ubuntu3), libc6 (>= 2.14), libgcc1 (>= 1:4.1.1), libstdc++6 (>= 4.1.1), libtcl8.6 (>= 8.6.0), libtk8.6 (>= 8.6.0), libx11-6"
tcl8.6, 8.6.1-4ubuntu1, "libc6 (>= 2.2.5), libtcl8.6 (>= 8.6.0)"
tcsh,   6.18.01-2,      "libc6 (>= 2.14), libtinfo5"
tk,     8.6.0+6ubuntu3, "tk8.6 (>= 8.6.0-2), tcl"
tk8.6,  8.6.1-3ubuntu2, "libc6 (>= 2.2.5), libtcl8.6 (>= 8.6.0), libtk8.6 (>= 8.6.0)"
tzdata, 2016f-0ubuntu0.14.04,   "debconf (>= 0.5) | debconf-2.0"
ubuntu-keyring, 2012.05.19,     ""
ubuntu-minimal, 1.325,  "adduser, apt, apt-utils, bzip2, console-setup, debconf, debconf-i18n, eject, gnupg, ifupdown, initramfs-tools, iproute2, iputils-ping, isc-dhcp-client, kbd, kmod, less, locales, lsb-release, makedev, mawk, net-tools, netbase, netcat-openbsd, ntpdate, passwd, procps, python3, resolvconf, rsyslog, sudo, tzdata, ubuntu-keyring, udev, upstart, ureadahead, vim-tiny, whiptail"
ucf,    3.0027+nmu1,    "debconf (>= 1.5.19), coreutils (>= 5.91)"
udev,   204-5ubuntu20.19,       "libacl1 (>= 2.2.51-8), libblkid1 (>= 2.19.1), libc6 (>= 2.17), libcgmanager0, libdbus-1-3 (>= 1.0.2), libkmod2 (>= 5~), libnih-dbus1 (>= 1.0.0), libnih1 (>= 1.0.0), libselinux1 (>= 2.0.65), libudev1 (= 204-5ubuntu20.19), sysv-rc (>= 2.88dsf-24) | file-rc (>= 0.8.16), lsb-base (>= 3.0-6), util-linux (>= 2.16), procps"
unzip,  6.0-9ubuntu1.5, "libbz2-1.0, libc6 (>= 2.14)"
upstart,        1.12.1-0ubuntu4.2,      "libc6 (>= 2.15), libdbus-1-3 (>= 1.2.16), libjson-c2 (>= 0.10), libnih-dbus1 (>= 1.0.0), libnih1 (>= 1.0.0), libselinux1 (>= 1.32), libudev1 (>= 183), sysvinit-utils, initscripts, mountall, ifupdown (>= 0.6.10ubuntu5), libjson0 (>= 0.10-1.1ubuntu1), debianutils (>= 4)"
ureadahead,     0.100.0-16,     "e2fslibs (>= 1.42.2), libblkid1 (>= 2.16), libc6 (>= 2.4), libnih1 (>= 1.0.0), upstart (>= 0.6.0)"
util-linux,     2.20.1-5.1ubuntu20.7,   "lsb-base (>= 3.0-6), tzdata (>= 2006c-2), dpkg (>= 1.15.4) | install-info, debconf (>= 0.5) | debconf-2.0, sysv-rc (>= 2.88dsf-24) | file-rc (>= 0.8.16)"
vim-common,     2:7.4.052-1ubuntu3,     "libc6 (>= 2.3.4)"
vim-tiny,       2:7.4.052-1ubuntu3,     "vim-common (= 2:7.4.052-1ubuntu3), libacl1 (>= 2.2.51-8), libc6 (>= 2.15), libselinux1 (>= 1.32), libtinfo5"
wget,   1.15-1ubuntu1.14.04.2,  "libc6 (>= 2.17), libidn11 (>= 1.13), libssl1.0.0 (>= 1.0.0), libuuid1 (>= 2.16), zlib1g (>= 1:1.1.4)"
whiptail,       0.52.15-2ubuntu5,       "libc6 (>= 2.14), libnewt0.52, libpopt0 (>= 1.14), libslang2 (>= 2.2.4)"
x11-common,     1:7.7+1ubuntu8.1,       "debconf (>= 0.5) | debconf-2.0, lsb-base (>= 1.3-9ubuntu2)"
x11-utils,      7.7+1,  "libc6 (>= 2.15), libfontconfig1 (>= 2.9.0), libfontenc1, libgl1-mesa-glx | libgl1, libx11-6, libx11-xcb1, libxaw7, libxcb-shape0, libxcb1 (>= 1.6), libxcomposite1 (>= 1:0.3-1), libxext6, libxft2 (>> 2.1.1), libxi6, libxinerama1, libxmu6, libxmuu1, libxrandr2 (>= 2:1.2.0), libxrender1, libxt6, libxtst6, libxv1, libxxf86dga1, libxxf86vm1"
xbitmaps,       1.1.1-2,        ""
xkb-data,       2.10.1-1ubuntu1,        ""
xml-core,       0.13+nmu2,      "sgml-base (>= 1.26+nmu2), sed (>= 4.1.2-8)"
xterm,  297-1ubuntu1,   "xbitmaps, libc6 (>= 2.15), libfontconfig1 (>= 2.9.0), libice6 (>= 1:1.0.0), libtinfo5, libutempter0 (>= 1.1.5), libx11-6, libxaw7, libxft2 (>> 2.1.1), libxmu6, libxpm4, libxt6"
zip,    3.0-8,  "libbz2-1.0, libc6 (>= 2.14)"
zlib1g, 1:1.2.8.dfsg-1ubuntu1,  "libc6 (>= 2.14)"
zlib1g-dev,     1:1.2.8.dfsg-1ubuntu1,  "zlib1g (= 1:1.2.8.dfsg-1ubuntu1), libc6-dev | libc-dev"
